timestamp_utc,eks-node-system-1 (t3.medium) CPU%,eks-node-system-2 (t3.medium) CPU%,mysql-ec2 (m6i.2xlarge) CPU%,monitoring-ec2 (t3.medium) CPU%,karpenter-recorder-node (c6i.xlarge) CPU%,karpenter-backend-node-1 (c6i.large) CPU%,karpenter-backend-node-2 (c6i.large) CPU%,karpenter-backend-node-3 (c6i.large) CPU%,redis-001 EngineCPU%,redis-002 EngineCPU%,redis-001 Memory%,redis-002 Memory%,redis-001 Host CPU%,redis-002 Host CPU%
2026-08-26T09:25:00+09:00,,,2.67,,,,,,,,0.39,0.39,11.92,13.78
2026-08-26T09:30:00+09:00,0.00,0.00,0.74,28.16,,,,,0.30,0.29,0.39,0.39,3.76,3.49
2026-08-26T09:35:00+09:00,5.52,5.50,0.72,4.75,,,,,0.30,0.30,0.39,0.39,3.04,2.80
2026-08-26T09:40:00+09:00,5.27,6.26,0.70,3.90,,,,,0.31,0.30,0.39,0.39,2.96,3.07
2026-08-26T09:45:00+09:00,4.24,4.32,0.65,3.60,,,,,0.30,0.30,0.39,0.39,3.07,2.79
2026-08-26T09:50:00+09:00,4.10,4.32,0.64,4.10,,,,,0.30,0.29,0.39,0.39,2.94,2.78
2026-08-26T09:55:00+09:00,4.09,4.21,0.68,3.79,,,,,0.30,0.29,0.40,0.39,2.98,2.75
2026-08-26T10:00:00+09:00,4.32,4.32,0.73,4.17,,,,,0.30,0.30,0.40,0.40,3.02,2.93
2026-08-26T10:05:00+09:00,4.04,4.20,0.69,4.54,,,,,0.30,0.29,0.40,0.40,3.07,2.82
2026-08-26T10:10:00+09:00,10.93,5.29,0.71,4.08,,,,,0.30,0.29,0.40,0.40,6.70,2.59
2026-08-26T10:15:00+09:00,4.94,6.97,0.76,4.90,,,,,0.36,0.30,0.40,0.40,3.39,4.42
2026-08-26T10:20:00+09:00,4.53,5.84,0.72,5.07,,,,,0.32,0.32,0.41,0.40,2.67,4.17
2026-08-26T10:25:00+09:00,4.36,5.60,0.70,4.16,,,,,0.34,0.31,0.41,0.40,2.87,2.53
2026-08-26T10:30:00+09:00,4.48,5.86,0.75,4.85,,,,,0.34,0.31,0.41,0.40,2.61,2.55
2026-08-26T10:35:00+09:00,4.36,5.61,0.71,4.19,,,,,0.36,0.31,0.41,0.41,2.81,2.51
2026-08-26T10:40:00+09:00,4.44,5.87,0.69,4.34,,,,,0.33,0.31,0.42,0.41,2.68,2.60
2026-08-26T10:45:00+09:00,4.51,5.76,0.71,5.19,,,,,0.34,0.31,0.42,0.41,2.85,2.61
2026-08-26T10:50:00+09:00,4.42,6.17,5.34,5.33,,,,,7.98,6.98,0.57,0.55,8.19,6.44
2026-08-26T10:55:00+09:00,4.54,6.01,9.17,4.70,,,,,2.42,1.66,0.68,0.65,4.49,3.74
2026-08-26T11:00:00+09:00,4.35,5.93,7.64,4.78,,,,,1.21,1.47,0.56,0.54,3.63,3.51
2026-08-26T11:05:00+09:00,4.39,5.76,6.69,4.75,,,,,0.75,0.67,0.46,0.44,3.22,2.81
2026-08-26T11:10:00+09:00,4.75,6.79,13.23,4.93,,,,,11.84,9.77,0.68,0.65,11.23,8.41
2026-08-26T11:15:00+09:00,4.56,6.98,19.93,4.97,,,,,10.78,12.51,0.82,0.79,10.12,9.06
2026-08-26T11:20:00+09:00,4.43,6.40,19.65,4.80,,,,,6.52,4.85,0.89,0.88,7.05,6.13
2026-08-26T11:25:00+09:00,4.61,6.25,19.11,4.75,,,,,1.33,1.49,0.76,0.75,3.50,3.25
2026-08-26T11:30:00+09:00,4.38,6.16,17.62,4.58,,,,,1.37,1.75,0.65,0.65,3.36,3.27
2026-08-26T11:35:00+09:00,4.52,6.50,21.67,4.80,,,,,2.48,2.79,0.55,0.52,4.20,4.12
2026-08-26T11:40:00+09:00,4.74,6.51,19.69,4.64,,,,,0.57,0.57,0.45,0.44,2.81,2.67
2026-08-26T11:45:00+09:00,4.46,5.82,17.46,4.58,,,,,0.35,0.31,0.44,0.43,2.76,2.50
2026-08-26T11:50:00+09:00,4.50,6.31,17.81,4.50,,,,,11.53,10.49,0.71,0.70,10.78,8.50
2026-08-26T11:55:00+09:00,4.64,6.08,21.50,4.60,,,,,6.62,7.69,0.67,0.64,7.09,7.15
2026-08-26T12:00:00+09:00,7.78,6.07,18.96,4.21,,,,,3.45,3.55,0.52,0.50,5.29,4.99
2026-08-26T12:05:00+09:00,5.87,6.29,20.30,4.59,,,,,0.56,0.42,0.44,0.43,3.00,2.62
2026-08-26T12:10:00+09:00,4.51,5.84,20.72,4.53,,,,,0.34,0.31,0.44,0.43,2.55,2.48
2026-08-26T12:15:00+09:00,4.39,5.80,18.21,4.64,,,,,0.35,0.31,0.44,0.43,2.78,2.48
2026-08-26T12:20:00+09:00,4.46,5.89,18.42,4.55,,,,,0.35,0.32,0.44,0.43,2.62,2.50
2026-08-26T12:25:00+09:00,4.35,5.66,18.34,4.56,,,,,0.33,0.31,0.44,0.43,2.83,2.54
2026-08-26T12:30:00+09:00,4.41,5.71,18.35,4.48,,,,,0.35,0.31,0.44,0.43,2.64,2.53
2026-08-26T12:35:00+09:00,4.48,5.86,18.38,4.85,,,,,0.34,0.31,0.44,0.43,2.80,2.45
2026-08-26T12:40:00+09:00,4.35,5.78,18.34,4.31,,,,,0.34,0.31,0.44,0.43,2.62,2.51
2026-08-26T12:45:00+09:00,4.66,5.74,18.27,4.58,,,,,0.34,0.31,0.44,0.43,2.75,2.46
2026-08-26T12:50:00+09:00,4.43,5.81,18.02,4.41,,,,,0.34,0.32,0.44,0.43,2.61,2.50
2026-08-26T12:55:00+09:00,4.37,5.63,18.17,4.79,,,,,0.34,0.31,0.44,0.43,2.74,2.52
2026-08-26T13:00:00+09:00,4.31,5.77,18.03,4.54,,,,,0.35,0.32,0.44,0.43,2.97,2.80
2026-08-26T13:05:00+09:00,4.51,5.89,18.04,4.60,,,,,0.34,0.32,0.44,0.43,2.77,2.51
2026-08-26T13:10:00+09:00,4.40,5.70,18.41,4.29,,,,,0.33,0.31,0.44,0.43,2.60,2.48
2026-08-26T13:15:00+09:00,5.11,5.98,19.64,4.61,,,,,0.36,0.31,0.44,0.43,2.79,2.46
2026-08-26T13:20:00+09:00,4.66,5.70,18.84,4.61,,,,,0.35,0.31,0.44,0.43,2.65,2.48
2026-08-26T13:25:00+09:00,4.43,5.98,18.20,4.61,,,,,0.35,0.31,0.44,0.43,2.77,2.45
2026-08-26T13:30:00+09:00,4.52,6.03,16.22,4.44,,,,,2.47,2.32,0.48,0.48,4.30,3.28
2026-08-26T13:35:00+09:00,4.54,6.70,14.53,4.71,,,,,13.99,13.66,0.81,0.78,12.41,10.72
2026-08-26T13:40:00+09:00,4.68,5.93,11.52,5.47,,,,,7.95,9.16,0.69,0.65,8.04,8.21
2026-08-26T13:45:00+09:00,4.56,6.09,8.81,6.16,,,,,4.11,4.22,0.53,0.51,5.67,5.17
2026-08-26T13:50:00+09:00,4.51,6.34,8.48,5.89,,,,,0.58,0.41,0.44,0.44,2.84,2.61
2026-08-26T13:55:00+09:00,4.47,5.65,8.38,6.17,,,,,0.35,0.31,0.44,0.44,2.77,2.47
2026-08-26T14:00:00+09:00,4.56,5.71,8.47,6.58,,,,,0.35,0.31,0.44,0.44,2.86,2.74
2026-08-26T14:05:00+09:00,4.38,5.64,8.45,5.62,,,,,0.34,0.30,0.44,0.43,2.76,2.47
2026-08-26T14:10:00+09:00,4.41,5.58,9.17,4.65,,,,,0.34,0.31,0.44,0.44,2.58,2.47
2026-08-26T14:15:00+09:00,4.69,6.12,4.35,4.83,,,,,0.36,0.31,0.45,0.43,2.76,2.46
2026-08-26T14:20:00+09:00,4.36,5.96,0.72,5.41,,,,,0.39,0.31,0.44,0.43,2.73,2.53
2026-08-26T14:25:00+09:00,4.40,5.94,0.69,5.44,,,,,0.38,0.32,0.44,0.44,2.76,2.45
2026-08-26T14:30:00+09:00,4.48,6.17,0.70,5.32,,,,,0.37,0.31,0.44,0.43,2.61,2.43
2026-08-26T14:35:00+09:00,4.59,7.46,8.30,5.80,,,,,9.26,7.25,0.64,0.62,9.38,6.75
2026-08-26T14:40:00+09:00,4.49,6.50,7.62,5.88,,,,,1.10,1.11,0.65,0.63,3.27,3.12
2026-08-26T14:45:00+09:00,4.46,6.59,7.17,5.61,,,,,1.24,1.41,0.53,0.52,3.39,3.10
2026-08-26T14:50:00+09:00,4.44,6.76,6.41,5.53,,,,,0.49,0.43,0.45,0.43,2.76,2.54
2026-08-26T14:55:00+09:00,4.49,6.22,6.38,5.60,,,,,0.38,0.31,0.45,0.44,2.78,2.49
2026-08-26T15:00:00+09:00,4.36,5.92,6.38,5.76,,,,,0.39,0.31,0.45,0.44,2.90,2.79
2026-08-26T15:05:00+09:00,4.45,6.40,8.43,6.36,,,,,0.41,0.31,0.45,0.43,2.85,2.50
2026-08-26T15:10:00+09:00,4.54,6.27,11.94,5.78,,,,,0.39,0.31,0.45,0.44,2.64,2.48
2026-08-26T15:15:00+09:00,4.42,5.99,11.93,5.71,,,,,0.39,0.31,0.45,0.43,2.82,2.48
2026-08-26T15:20:00+09:00,4.32,6.10,11.98,5.46,,,,,0.38,0.31,0.45,0.44,2.68,2.49
2026-08-26T15:25:00+09:00,4.58,6.19,11.95,5.68,,,,,0.38,0.30,0.45,0.44,2.79,2.48
2026-08-26T15:30:00+09:00,4.39,6.08,11.94,5.68,,,,,0.38,0.32,0.45,0.43,2.67,2.51
2026-08-26T15:35:00+09:00,4.91,6.26,5.66,5.71,,,,,0.38,0.31,0.45,0.44,2.84,2.45
2026-08-26T15:40:00+09:00,4.57,6.11,0.71,5.61,,,,,0.39,0.31,0.45,0.43,2.67,2.52
2026-08-26T15:45:00+09:00,4.84,6.57,9.97,5.71,,,,,9.42,7.24,0.67,0.64,9.48,6.80
2026-08-26T15:50:00+09:00,4.66,7.10,0.89,5.77,,,,,1.00,1.01,0.60,0.56,3.12,2.90
2026-08-26T15:55:00+09:00,4.60,6.42,0.75,5.78,,,,,0.58,0.45,0.45,0.44,2.95,2.55
2026-08-26T16:00:00+09:00,4.49,6.74,0.71,6.45,,,,,0.39,0.31,0.45,0.44,2.94,2.73
2026-08-26T16:05:00+09:00,4.54,6.09,0.72,5.83,,,,,0.38,0.30,0.45,0.44,2.82,2.47
2026-08-26T16:10:00+09:00,4.43,6.11,0.77,5.40,,,,,0.70,0.86,0.46,0.45,2.84,2.59
2026-08-26T16:15:00+09:00,4.47,6.65,13.18,5.84,,,,,9.33,6.95,0.70,0.68,9.55,6.79
2026-08-26T16:20:00+09:00,4.52,6.14,13.12,5.44,,,,,1.09,1.16,0.61,0.58,3.34,3.07
2026-08-26T16:25:00+09:00,4.48,5.93,12.96,5.71,,,,,1.23,1.30,0.49,0.47,3.38,3.08
2026-08-26T16:30:00+09:00,4.87,6.23,12.08,5.39,,,,,0.39,0.31,0.45,0.44,2.61,2.43
2026-08-26T16:35:00+09:00,4.56,6.01,12.09,5.56,,,,,0.38,0.30,0.45,0.44,2.75,2.47
2026-08-26T16:40:00+09:00,4.52,6.45,16.67,5.61,,,,,11.08,8.56,0.65,0.64,10.95,8.01
2026-08-26T16:45:00+09:00,4.41,5.96,16.42,5.64,,,,,1.14,1.21,0.65,0.63,3.37,2.99
2026-08-26T16:50:00+09:00,4.58,6.15,16.06,5.44,,,,,1.36,1.48,0.52,0.51,3.30,3.15
2026-08-26T16:55:00+09:00,4.52,6.09,15.92,5.63,,,,,0.49,0.40,0.45,0.44,2.94,2.54
2026-08-26T17:00:00+09:00,4.71,6.05,15.83,5.54,,,,,0.39,0.31,0.45,0.44,2.89,2.67
2026-08-26T17:05:00+09:00,4.61,6.12,16.47,5.80,,,,,0.39,0.31,0.45,0.43,2.81,2.46
2026-08-26T17:10:00+09:00,4.42,6.17,18.78,5.49,,,,,4.84,4.37,0.52,0.51,5.93,4.49
2026-08-26T17:15:00+09:00,4.74,6.43,31.79,4.89,,,,,9.94,9.79,0.73,0.69,9.52,8.53
2026-08-26T17:20:00+09:00,4.52,5.76,30.78,4.45,,,,,5.77,6.55,0.61,0.57,6.53,6.43
2026-08-26T17:25:00+09:00,4.55,5.78,27.36,4.81,,,,,1.70,1.51,0.47,0.45,3.79,3.34
2026-08-26T17:30:00+09:00,4.71,6.04,44.37,4.68,,,,,0.36,0.31,0.44,0.44,2.57,2.44
2026-08-26T17:35:00+09:00,4.46,6.34,32.02,6.22,,,,,9.81,8.50,0.64,0.63,9.65,7.20
2026-08-26T17:40:00+09:00,4.54,5.77,31.77,6.24,,,,,7.00,8.10,0.67,0.65,7.24,7.33
2026-08-26T17:45:00+09:00,4.65,6.10,32.91,6.29,,,,,3.82,3.91,0.54,0.51,5.38,4.86
2026-08-26T17:50:00+09:00,4.58,6.07,32.42,4.49,,,,,0.61,0.43,0.44,0.44,2.78,2.56
2026-08-26T17:55:00+09:00,4.65,6.52,25.98,5.07,,,,,8.08,7.79,0.60,0.58,8.37,6.41
2026-08-26T18:00:00+09:00,5.12,8.83,37.23,5.67,,,,,33.20,38.05,1.36,1.09,24.55,24.14
2026-08-26T18:05:00+09:00,5.14,10.07,50.95,5.14,,,,,26.76,29.95,1.61,1.37,19.77,20.70
2026-08-26T18:10:00+09:00,5.13,8.33,27.27,4.83,,,,,9.86,10.71,0.93,0.79,8.89,9.36
2026-08-26T18:15:00+09:00,5.03,7.98,25.27,5.12,,,,,1.30,1.07,0.45,0.44,3.56,3.00
2026-08-26T18:20:00+09:00,5.01,7.44,25.50,4.67,,,,,1.39,1.21,0.44,0.44,3.49,3.09
2026-08-26T18:25:00+09:00,4.50,5.96,24.88,4.48,,,,,1.40,1.17,0.44,0.44,3.81,3.05
2026-08-26T18:30:00+09:00,4.65,5.65,26.13,4.60,,,,,1.40,1.19,0.44,0.44,3.50,3.15
2026-08-26T18:35:00+09:00,4.34,5.80,25.84,4.57,,,,,1.37,1.18,0.44,0.44,3.60,3.02
2026-08-26T18:40:00+09:00,4.62,5.67,25.98,5.85,,,,,1.33,1.09,0.44,0.44,3.49,3.04
2026-08-26T18:45:00+09:00,4.49,5.61,25.35,5.62,,,,,0.33,0.30,0.44,0.43,2.74,2.52
2026-08-26T18:50:00+09:00,4.57,5.98,25.21,5.24,,,,,0.36,0.31,0.44,0.43,2.56,2.40
2026-08-26T18:55:00+09:00,4.62,5.69,25.16,4.49,,,,,0.35,0.30,0.44,0.43,2.72,2.44
2026-08-26T19:00:00+09:00,4.58,5.70,25.97,5.00,,,,,0.35,0.31,0.44,0.43,2.87,2.67
2026-08-26T19:05:00+09:00,4.69,7.17,31.27,4.61,,,,,14.43,14.33,0.73,0.71,12.80,10.16
2026-08-26T19:10:00+09:00,5.19,9.83,38.77,5.26,,,,,38.00,43.92,1.55,1.20,27.38,27.81
2026-08-26T19:15:00+09:00,4.48,7.23,41.85,4.79,,,,,47.78,56.71,2.03,1.43,32.96,35.13
2026-08-26T19:20:00+09:00,4.54,7.17,41.02,4.99,,,,,40.26,44.12,2.11,1.67,27.82,29.20
2026-08-26T19:25:00+09:00,4.70,7.27,38.39,4.67,,,,,18.89,21.74,1.94,1.78,14.34,14.74
2026-08-26T19:30:00+09:00,4.57,7.20,26.11,5.01,,,,,30.55,38.00,2.17,1.74,21.24,24.60
2026-08-26T19:35:00+09:00,4.39,7.12,25.89,4.58,,,,,27.12,34.08,2.14,1.61,19.71,22.36
2026-08-26T19:40:00+09:00,4.57,7.28,25.68,4.94,,,,,24.03,29.80,1.84,1.48,17.63,19.91
2026-08-26T19:45:00+09:00,4.40,7.06,26.00,4.64,,,,,20.60,25.72,1.61,1.33,15.62,17.51
2026-08-26T19:50:00+09:00,4.76,7.84,29.76,4.94,,,,,18.05,22.01,1.43,1.15,13.76,15.40
2026-08-26T19:55:00+09:00,4.95,7.29,25.87,4.61,,,,,14.36,17.68,1.16,1.03,11.80,12.76
2026-08-26T20:00:00+09:00,4.65,6.75,25.76,7.28,,,,,11.55,14.03,0.97,0.88,10.25,11.11
2026-08-26T20:05:00+09:00,4.71,7.40,23.89,4.85,,,,,8.12,9.84,0.78,0.71,8.13,8.40
2026-08-26T20:10:00+09:00,4.60,6.70,13.48,5.79,,,,,1.72,1.08,0.45,0.44,3.69,3.16
2026-08-26T20:15:00+09:00,4.45,6.55,13.23,5.53,,,,,1.24,0.92,0.45,0.44,3.55,2.91
2026-08-26T20:20:00+09:00,4.60,6.31,13.13,5.74,,,,,0.40,0.30,0.44,0.44,2.68,2.49
2026-08-26T20:25:00+09:00,4.29,5.97,13.20,5.40,,,,,0.37,0.31,0.44,0.44,2.79,2.46
2026-08-26T20:30:00+09:00,4.37,6.14,13.14,5.61,,,,,0.37,0.31,0.44,0.44,2.60,2.50
2026-08-26T20:35:00+09:00,4.72,7.71,13.49,5.51,,,,,18.93,19.22,0.85,0.78,15.84,13.17
2026-08-26T20:40:00+09:00,4.99,11.42,22.05,5.99,,,,,39.94,46.75,1.65,1.28,28.36,29.27
2026-08-26T20:45:00+09:00,4.57,8.91,24.95,5.60,,,,,43.16,50.94,1.91,1.49,30.15,32.03
2026-08-26T20:50:00+09:00,4.79,9.45,20.30,5.91,6.82,,,,31.63,33.68,2.03,1.71,22.64,23.14
2026-08-26T20:55:00+09:00,4.41,7.97,15.43,5.59,2.26,,,,18.90,23.20,2.08,1.65,14.61,15.62
2026-08-26T21:00:00+09:00,4.40,7.60,13.42,6.07,2.86,,,,26.48,33.26,2.00,1.59,19.35,22.07
2026-08-26T21:05:00+09:00,4.55,7.41,13.40,5.65,2.97,,,,23.43,29.21,1.79,1.45,17.57,19.59
2026-08-26T21:10:00+09:00,4.47,7.60,13.41,5.72,2.94,,,,20.05,25.00,1.62,1.32,15.31,17.04
2026-08-26T21:15:00+09:00,4.57,7.99,13.43,5.73,2.94,,,,17.04,20.98,1.39,1.16,13.78,14.85
2026-08-26T21:20:00+09:00,4.44,6.91,13.39,5.73,3.00,,,,14.01,17.19,1.15,1.02,11.52,12.53
2026-08-26T21:25:00+09:00,4.53,7.33,13.40,5.57,2.96,,,,11.16,13.30,0.95,0.89,9.81,10.34
2026-08-26T21:30:00+09:00,4.61,6.68,13.41,5.63,2.96,,,,7.85,9.24,0.76,0.70,7.69,7.90
2026-08-26T21:35:00+09:00,4.43,6.77,13.39,5.43,3.03,,,,4.95,5.32,0.60,0.57,6.15,5.72
2026-08-26T21:40:00+09:00,4.37,5.95,13.29,5.81,2.94,,,,1.67,1.36,0.46,0.45,3.73,3.27
2026-08-26T21:45:00+09:00,4.47,6.45,11.35,5.38,2.94,,,,6.57,6.03,0.55,0.55,7.44,5.43
2026-08-26T21:50:00+09:00,4.92,9.25,28.67,5.87,4.62,,,,30.79,33.66,1.19,1.03,23.07,21.56
2026-08-26T21:55:00+09:00,4.60,9.06,55.52,5.78,5.01,,,,42.72,48.70,1.73,1.36,29.86,30.75
2026-08-26T22:00:00+09:00,4.88,8.77,97.82,6.64,5.56,,,,46.66,52.21,1.94,1.57,32.65,34.00
2026-08-26T22:05:00+09:00,5.21,11.36,99.84,5.29,2.92,23.07,,,13.03,12.80,1.47,1.37,11.27,10.69
2026-08-26T22:10:00+09:00,5.48,8.19,99.84,5.25,1.76,2.02,,,0.35,0.31,0.44,0.44,2.55,2.39
2026-08-26T22:15:00+09:00,4.91,7.20,36.87,5.75,3.23,4.30,,,0.38,0.31,0.45,0.44,2.80,2.46
2026-08-26T22:20:00+09:00,4.37,6.38,22.76,5.98,3.17,3.96,,,0.38,0.31,0.45,0.44,2.64,2.44
2026-08-26T22:25:00+09:00,4.35,6.57,21.99,5.68,3.18,3.08,,,0.39,0.31,0.45,0.44,2.75,2.41
2026-08-26T22:30:00+09:00,4.54,6.56,22.70,5.85,3.22,3.47,,,0.38,0.31,0.45,0.44,2.66,2.42
2026-08-26T22:35:00+09:00,4.52,7.50,22.18,5.75,3.17,4.55,,,0.88,0.74,0.45,0.44,3.19,2.70
2026-08-26T22:40:00+09:00,4.46,6.65,22.91,6.03,3.08,4.67,,,1.38,1.16,0.45,0.44,3.51,3.08
2026-08-26T22:45:00+09:00,4.32,6.43,22.07,5.90,3.13,4.18,,,1.39,1.15,0.45,0.44,3.67,3.04
2026-08-26T22:50:00+09:00,4.29,6.50,22.86,5.96,3.10,4.69,,,1.40,1.16,0.45,0.44,3.45,2.97
2026-08-26T22:55:00+09:00,4.45,6.47,22.17,5.78,3.14,4.19,,,1.37,1.15,0.45,0.44,3.63,3.05
2026-08-26T23:00:00+09:00,4.44,7.19,22.83,6.11,3.09,6.43,,,1.35,1.10,0.45,0.44,3.65,3.19
2026-08-26T23:05:00+09:00,4.66,6.75,30.18,5.67,3.07,4.80,,,1.42,1.13,0.45,0.44,3.63,3.00
2026-08-26T23:10:00+09:00,5.53,6.90,23.24,5.89,3.11,4.61,,,1.42,1.14,0.45,0.44,3.44,2.96
2026-08-26T23:15:00+09:00,5.16,7.31,29.57,5.95,3.59,4.44,,,1.17,0.87,0.45,0.44,3.45,2.82
2026-08-26T23:20:00+09:00,4.59,7.03,25.73,5.99,3.52,3.13,,,0.39,0.31,0.44,0.43,2.69,2.52
2026-08-26T23:25:00+09:00,4.77,6.68,43.42,5.54,3.79,3.53,,,0.39,0.30,0.44,0.43,2.76,2.44
2026-08-26T23:30:00+09:00,4.52,6.86,31.40,6.11,3.52,4.04,,,0.38,0.31,0.44,0.43,2.58,2.40
2026-08-26T23:35:00+09:00,4.42,6.79,19.25,5.69,3.53,4.36,,,0.39,0.31,0.44,0.43,2.75,2.42
2026-08-26T23:40:00+09:00,4.47,6.38,16.50,5.90,3.23,4.27,,,0.38,0.30,0.44,0.43,2.65,2.42
2026-08-26T23:45:00+09:00,4.36,6.55,16.42,5.66,3.16,4.41,,,0.38,0.30,0.44,0.43,2.75,2.40
2026-08-26T23:50:00+09:00,4.41,6.56,16.42,5.87,3.19,4.35,,,0.39,0.30,0.44,0.43,2.56,2.45
2026-08-26T23:55:00+09:00,4.32,6.46,16.47,5.49,3.22,4.23,,,0.38,0.30,0.44,0.43,2.73,2.39
2026-08-27T00:00:00+09:00,4.33,6.27,15.32,5.94,3.14,5.12,,,0.36,0.31,0.44,0.43,2.86,2.69
2026-08-27T00:05:00+09:00,4.64,8.07,14.39,5.79,3.35,30.57,,,15.03,15.02,0.72,0.69,13.39,10.57
2026-08-27T00:10:00+09:00,4.93,12.00,21.76,6.39,3.80,37.29,,,36.34,41.17,1.43,1.17,26.39,25.99
2026-08-27T00:15:00+09:00,4.50,8.44,24.65,5.87,4.00,36.57,,,50.82,58.86,1.89,1.43,34.92,36.94
2026-08-27T00:20:00+09:00,4.56,7.66,23.90,6.16,3.46,28.75,,,43.20,48.56,1.98,1.64,29.94,31.47
2026-08-27T00:25:00+09:00,4.47,7.52,16.03,5.77,2.21,12.62,,,20.61,21.33,1.81,1.67,15.20,15.40
2026-08-27T00:30:00+09:00,4.46,7.62,21.83,6.04,2.70,7.36,,,18.43,24.31,1.86,1.67,14.03,15.92
2026-08-27T00:35:00+09:00,4.59,8.05,17.39,5.84,3.11,6.69,,,14.49,16.18,1.60,1.46,11.39,12.38
2026-08-27T00:40:00+09:00,4.35,7.56,18.53,6.09,3.02,5.01,,,0.51,0.31,1.36,1.35,2.74,2.48
2026-08-27T00:45:00+09:00,5.56,10.73,20.62,6.37,3.86,5.69,,,1.73,1.85,0.63,0.62,3.69,3.38
2026-08-27T00:50:00+09:00,4.81,7.76,21.74,6.20,3.45,6.58,,,1.34,1.09,0.45,0.44,3.45,2.95
2026-08-27T00:55:00+09:00,4.44,6.52,20.22,5.65,3.34,5.56,,,1.24,0.99,0.45,0.44,3.54,2.91
2026-08-27T01:00:00+09:00,4.50,7.16,28.38,5.76,4.08,5.42,,,1.20,1.01,0.44,0.44,3.55,3.15
2026-08-27T01:05:00+09:00,4.83,7.66,20.16,5.79,3.44,6.48,,,1.26,0.99,0.44,0.44,3.54,3.00
2026-08-27T01:10:00+09:00,4.66,8.54,9.88,6.10,3.38,34.16,,,17.67,17.50,0.78,0.75,15.07,11.96
2026-08-27T01:15:00+09:00,5.01,10.92,13.33,6.03,3.76,37.84,,,39.09,44.08,1.48,1.19,27.93,27.72
2026-08-27T01:20:00+09:00,4.55,8.08,14.05,6.26,4.04,37.35,,,51.22,54.30,1.97,1.43,34.55,35.88
2026-08-27T01:25:00+09:00,4.54,7.09,10.52,5.99,2.93,25.79,,,30.93,35.31,1.95,1.58,22.39,22.19
2026-08-27T01:30:00+09:00,4.48,7.51,5.13,5.16,2.09,12.17,,,17.07,16.87,1.73,1.62,12.94,12.76
2026-08-27T01:35:00+09:00,5.70,10.32,26.63,6.06,3.27,8.39,,,4.17,4.53,0.65,0.64,5.27,5.02
2026-08-27T01:40:00+09:00,4.74,7.68,18.20,6.12,3.31,9.89,,,2.73,2.25,0.47,0.46,4.55,3.54
2026-08-27T01:45:00+09:00,4.91,8.77,17.49,5.69,3.28,35.81,,,20.81,21.20,0.85,0.80,17.25,14.36
2026-08-27T01:50:00+09:00,4.74,9.77,27.89,6.24,3.41,35.09,,,36.93,42.14,1.39,1.18,26.75,26.72
2026-08-27T01:55:00+09:00,4.54,8.56,32.34,5.89,3.46,33.94,,,49.25,58.73,1.89,1.41,34.07,36.36
2026-08-27T02:00:00+09:00,4.49,7.82,31.45,9.45,3.56,31.16,,,53.20,62.98,2.00,1.55,36.36,39.39
2026-08-27T02:05:00+09:00,4.38,7.55,29.71,6.03,2.58,19.99,,,48.24,56.79,2.27,1.72,32.62,35.89
2026-08-27T02:10:00+09:00,4.41,7.96,26.76,6.19,1.97,10.69,,,41.61,49.50,2.21,1.71,28.16,31.71
2026-08-27T02:15:00+09:00,4.57,7.60,29.77,5.70,3.07,5.92,,,3.40,1.12,1.52,1.50,4.73,4.08
2026-08-27T02:20:00+09:00,4.38,7.20,24.50,5.04,3.48,4.37,,,0.48,0.31,1.51,1.50,2.71,2.46
2026-08-27T02:25:00+09:00,4.51,7.35,25.34,4.70,3.54,4.25,,,0.47,0.32,1.51,1.50,2.79,2.40
2026-08-27T02:30:00+09:00,5.61,11.43,27.17,5.30,3.60,4.81,,,0.51,0.36,1.08,1.07,2.65,2.50
2026-08-27T02:35:00+09:00,5.27,8.41,12.83,4.98,2.98,16.68,,,6.93,6.49,0.55,0.54,7.76,5.87
2026-08-27T02:40:00+09:00,4.80,8.43,7.09,4.79,2.90,26.74,,,22.01,24.36,0.92,0.84,17.71,16.40
2026-08-27T02:45:00+09:00,4.68,9.79,7.82,4.75,2.97,26.66,,,33.62,39.44,1.34,1.12,24.77,25.32
2026-08-27T02:50:00+09:00,4.60,8.21,8.06,5.00,2.95,25.95,,,42.93,51.56,1.77,1.34,29.88,32.38
2026-08-27T02:55:00+09:00,4.73,8.28,7.92,4.71,3.04,23.99,,,44.70,54.07,1.98,1.47,31.28,33.97
2026-08-27T03:00:00+09:00,4.50,7.33,7.95,4.85,2.98,23.07,,,46.15,54.65,2.07,1.53,31.65,34.59
2026-08-27T03:05:00+09:00,4.44,7.55,5.86,4.93,2.37,16.27,,,32.49,36.05,1.97,1.68,23.41,24.39
2026-08-27T03:10:00+09:00,4.56,7.46,3.49,4.82,1.97,10.15,,,21.72,25.36,1.86,1.71,16.30,17.17
2026-08-27T03:15:00+09:00,4.47,7.23,7.83,4.87,1.91,6.71,,,10.58,12.89,1.67,1.62,9.38,9.49
2026-08-27T03:20:00+09:00,4.38,7.24,27.30,4.82,3.30,6.58,,,22.17,28.20,1.97,1.64,16.49,18.63
2026-08-27T03:25:00+09:00,5.46,8.85,25.61,4.93,3.37,7.70,,,10.88,10.38,1.08,0.86,9.48,9.23
2026-08-27T03:30:00+09:00,4.93,8.74,7.64,4.96,3.13,26.40,,,85.60,16.08,0.85,0.77,47.62,11.62
2026-08-27T03:35:00+09:00,4.63,8.76,7.46,4.86,2.82,17.81,,,99.90,16.12,1.28,1.06,53.95,11.78
2026-08-27T03:40:00+09:00,4.67,9.11,6.84,4.84,2.75,16.04,,,99.92,16.64,1.61,1.25,54.12,12.07
2026-08-27T03:45:00+09:00,4.46,8.32,6.57,5.01,2.68,15.69,,,99.92,15.65,1.81,1.37,54.10,11.43
2026-08-27T03:50:00+09:00,4.60,7.46,6.70,4.77,2.72,15.29,,,99.81,16.85,1.94,1.43,53.86,12.05
2026-08-27T03:55:00+09:00,4.39,7.39,6.67,4.84,2.73,14.28,,,99.88,16.85,2.04,1.45,54.05,12.07
2026-08-27T04:00:00+09:00,4.39,7.44,5.33,6.20,2.38,11.01,,,99.50,16.68,2.12,1.51,53.54,12.22
2026-08-27T04:05:00+09:00,4.56,7.53,3.51,4.86,2.04,8.61,,,90.47,18.18,3.57,1.46,50.04,13.70
2026-08-27T04:10:00+09:00,4.44,7.45,2.39,4.64,1.84,7.63,,,77.39,19.76,5.53,1.34,44.36,15.70
2026-08-27T04:15:00+09:00,4.37,7.49,1.88,4.90,1.75,6.67,,,79.33,19.49,4.64,1.31,45.37,15.55
2026-08-27T04:20:00+09:00,4.91,8.61,18.31,4.66,2.54,5.91,,,80.23,19.32,4.50,1.22,45.35,15.39
2026-08-27T04:25:00+09:00,4.76,8.24,25.75,4.58,3.42,6.20,,,79.48,19.59,4.37,0.97,45.41,15.65
2026-08-27T04:30:00+09:00,4.99,8.08,26.22,4.64,3.48,6.13,,,57.21,11.78,1.82,0.69,32.94,10.52
2026-08-27T04:35:00+09:00,5.04,8.23,12.81,4.90,3.30,24.39,,,56.03,11.47,0.70,0.66,32.21,8.67
2026-08-27T04:40:00+09:00,4.49,7.29,8.27,4.58,2.95,19.98,,,99.93,17.26,1.06,0.92,54.06,12.50
2026-08-27T04:45:00+09:00,4.47,7.57,7.84,4.93,2.87,19.24,,,95.70,17.64,2.51,1.00,52.45,12.89
2026-08-27T04:50:00+09:00,4.43,7.22,8.73,4.47,3.04,22.26,,,77.22,19.86,5.43,1.03,44.97,15.82
2026-08-27T04:55:00+09:00,4.37,6.83,9.74,4.74,3.17,22.80,,,77.29,19.69,5.49,1.00,45.08,15.66
2026-08-27T05:00:00+09:00,4.55,7.09,6.94,4.57,2.61,15.54,,,77.28,19.89,5.48,1.03,45.03,16.03
2026-08-27T05:05:00+09:00,4.35,6.89,3.40,4.87,2.01,9.07,,,76.64,19.56,5.68,1.07,44.30,15.58
2026-08-27T05:10:00+09:00,4.36,6.91,2.38,4.62,1.83,8.02,,,76.37,19.74,5.06,1.00,44.06,15.70
2026-08-27T05:15:00+09:00,4.84,7.76,18.35,4.85,2.48,6.10,,,75.15,18.36,3.81,0.87,43.23,14.83
2026-08-27T05:20:00+09:00,4.68,7.73,24.92,4.61,3.34,6.21,,,56.24,10.05,0.78,0.68,31.81,8.45
2026-08-27T05:25:00+09:00,4.78,7.40,24.69,4.78,3.30,6.00,,,37.57,6.50,0.66,0.59,22.26,6.39
2026-08-27T05:30:00+09:00,4.87,7.45,12.96,4.57,3.24,24.40,,,47.45,10.02,0.67,0.62,27.71,7.83
2026-08-27T05:35:00+09:00,4.56,8.63,8.60,4.84,2.94,19.64,,,99.28,16.30,0.98,0.88,54.10,12.29
2026-08-27T05:40:00+09:00,4.49,8.28,6.97,4.69,2.70,14.85,,,94.45,16.86,1.36,1.08,51.38,11.81
2026-08-27T05:45:00+09:00,4.71,9.00,7.09,4.91,2.81,14.17,,,99.87,16.16,1.58,1.21,54.35,11.71
2026-08-27T05:50:00+09:00,5.38,7.33,6.95,4.74,2.78,13.59,,,99.91,16.90,1.75,1.31,54.21,12.14
2026-08-27T05:55:00+09:00,4.90,8.51,7.05,4.84,2.77,14.09,,,95.31,16.94,2.74,1.40,52.50,12.60
2026-08-27T06:00:00+09:00,4.53,7.82,5.51,8.57,2.42,11.64,,,81.00,19.84,5.46,1.50,46.61,15.73
2026-08-27T06:05:00+09:00,4.38,7.42,3.61,4.98,1.98,7.78,,,77.27,19.69,5.47,1.59,44.67,15.73
2026-08-27T06:10:00+09:00,4.32,7.54,2.15,4.71,1.75,5.92,,,77.27,19.90,5.45,1.62,44.61,15.92
2026-08-27T06:15:00+09:00,4.56,7.41,5.02,4.84,1.82,5.92,,,54.31,12.25,3.16,1.59,31.77,10.45
2026-08-27T06:20:00+09:00,4.69,7.45,30.41,4.94,3.34,6.35,,,99.68,17.45,2.53,1.51,53.44,12.32
2026-08-27T06:25:00+09:00,4.55,7.76,25.38,4.91,3.30,6.19,,,77.97,19.81,5.51,1.35,44.56,15.80
2026-08-27T06:30:00+09:00,5.26,8.90,24.74,4.77,3.42,10.98,,,34.81,7.00,1.45,0.80,21.35,7.15
2026-08-27T06:35:00+09:00,4.82,8.79,8.28,4.97,3.10,25.15,,,90.83,16.69,0.90,0.81,50.49,12.12
2026-08-27T06:40:00+09:00,4.83,8.71,7.40,4.75,2.81,16.99,,,99.91,17.00,1.38,1.05,54.31,12.33
2026-08-27T06:45:00+09:00,4.61,9.04,7.08,4.98,2.73,17.84,,,91.44,17.74,3.19,1.25,51.01,13.48
2026-08-27T06:50:00+09:00,4.40,8.26,7.24,4.68,2.75,17.96,,,85.45,18.32,4.35,1.41,48.56,14.24
2026-08-27T06:55:00+09:00,4.51,7.53,7.66,4.99,2.83,18.87,,,78.72,19.71,5.72,1.48,45.85,15.69
2026-08-27T07:00:00+09:00,4.37,7.41,7.00,4.79,2.64,17.12,,,78.99,19.91,5.42,1.43,46.03,16.08
2026-08-27T07:05:00+09:00,4.38,7.47,4.83,4.97,2.21,11.18,,,77.86,19.61,5.56,1.42,45.11,15.66
2026-08-27T07:10:00+09:00,4.49,7.43,2.78,4.70,1.92,7.76,,,77.27,19.67,5.68,1.34,44.52,15.63
2026-08-27T07:15:00+09:00,4.50,8.20,2.02,5.05,1.79,7.15,,,81.24,18.96,5.31,1.28,46.40,15.08
2026-08-27T07:20:00+09:00,4.31,7.46,3.14,5.26,1.75,5.46,,,80.57,19.23,5.29,1.23,45.77,15.31
2026-08-27T07:25:00+09:00,5.32,8.43,30.93,4.95,3.47,6.28,,,77.63,19.55,4.97,1.09,44.54,15.57
2026-08-27T07:30:00+09:00,5.28,9.52,25.47,4.82,3.40,6.94,,,62.61,14.20,3.49,0.86,36.21,12.57
2026-08-27T07:35:00+09:00,5.05,7.87,13.48,5.02,3.26,23.84,,,51.97,10.80,0.70,0.63,30.28,8.27
2026-08-27T07:40:00+09:00,4.81,9.12,8.19,4.76,2.95,19.98,17.59,,99.92,16.47,1.13,0.97,54.46,12.05
2026-08-27T07:45:00+09:00,4.50,7.80,6.95,5.05,2.71,16.57,7.16,,99.91,16.98,1.53,1.18,54.53,12.20
2026-08-27T07:50:00+09:00,4.41,7.40,7.28,4.72,2.77,19.66,5.62,,81.35,19.46,4.80,1.25,46.97,15.28
2026-08-27T07:55:00+09:00,4.40,7.21,7.74,4.98,2.81,20.10,5.78,,78.21,19.56,5.23,1.25,45.76,15.61
2026-08-27T08:00:00+09:00,4.37,7.08,7.94,5.97,2.83,19.34,6.01,,78.84,19.93,5.01,1.24,46.16,16.04
2026-08-27T08:05:00+09:00,4.47,7.29,5.66,4.77,2.40,14.01,5.90,,78.14,19.61,5.28,1.29,45.50,15.65
2026-08-27T08:10:00+09:00,4.34,7.12,3.37,4.85,1.99,8.77,5.87,,77.57,19.70,5.24,1.21,44.86,15.65
2026-08-27T08:15:00+09:00,4.38,7.13,2.25,4.73,1.82,7.59,5.66,,77.40,19.69,5.18,1.21,44.80,15.75
2026-08-27T08:20:00+09:00,4.59,7.99,1.69,4.83,1.77,5.49,5.43,,79.05,19.65,4.95,1.10,45.20,15.66
2026-08-27T08:25:00+09:00,4.97,7.98,30.07,4.98,3.22,6.52,5.32,,75.40,18.36,3.06,0.88,43.46,14.99
2026-08-27T08:30:00+09:00,4.49,7.62,27.07,4.79,3.52,6.27,8.85,,55.78,9.96,0.75,0.68,31.70,8.49
2026-08-27T08:35:00+09:00,5.03,7.54,25.37,5.04,3.45,5.88,7.46,,28.60,5.40,0.64,0.54,17.63,5.66
2026-08-27T08:40:00+09:00,4.83,7.77,12.79,4.64,3.28,25.07,16.18,,55.80,11.52,0.72,0.63,32.46,8.81
2026-08-27T08:45:00+09:00,4.53,7.35,8.70,4.94,2.99,21.13,13.56,8.09,99.85,17.42,1.01,0.86,54.37,12.58
2026-08-27T08:50:00+09:00,4.57,7.92,7.79,5.88,2.96,18.50,10.60,10.29,99.77,16.81,1.20,1.00,53.61,12.20
2026-08-27T08:55:00+09:00,4.39,7.20,7.82,5.97,2.90,18.15,9.78,10.56,99.94,17.16,1.32,1.06,54.31,12.31
2026-08-27T09:00:00+09:00,4.51,7.56,7.84,5.94,3.04,18.41,10.48,11.82,99.54,17.10,1.29,1.05,54.20,12.54
2026-08-27T09:05:00+09:00,4.56,8.15,6.93,6.17,2.79,18.01,9.08,10.60,84.69,18.86,3.70,1.10,48.17,14.60
2026-08-27T09:10:00+09:00,4.38,7.52,4.09,5.78,2.10,10.78,5.18,6.71,78.77,19.82,5.14,1.16,45.30,15.74
2026-08-27T09:15:00+09:00,4.59,7.53,2.46,6.03,1.84,8.24,3.23,6.82,77.78,19.71,5.34,1.16,44.81,15.71
2026-08-27T09:20:00+09:00,4.44,7.57,1.80,5.81,1.70,6.76,3.20,5.66,75.69,19.11,3.98,1.05,43.49,15.37
2026-08-27T09:25:00+09:00,4.62,7.95,23.04,6.00,2.85,6.81,5.20,6.70,80.40,19.50,4.67,0.90,45.58,15.36
2026-08-27T09:30:00+09:00,5.04,7.77,25.35,6.01,3.35,7.76,7.67,8.16,64.84,13.25,1.51,0.67,37.05,11.22
2026-08-27T09:35:00+09:00,4.60,7.08,24.46,5.82,3.28,6.94,7.26,8.00,31.42,6.15,0.59,0.53,19.21,6.04
2026-08-27T09:40:00+09:00,4.44,6.55,27.67,5.32,3.24,6.38,3.40,3.61,6.93,1.82,0.47,0.45,6.53,3.57
2026-08-27T09:45:00+09:00,4.58,7.11,28.89,5.94,3.32,6.03,1.87,1.84,0.41,0.31,0.45,0.43,2.79,2.38
2026-08-27T09:50:00+09:00,4.52,7.84,13.16,5.76,2.92,21.51,17.18,18.75,60.07,12.36,0.70,0.65,34.39,9.28
2026-08-27T09:55:00+09:00,4.53,8.64,22.41,6.07,2.77,16.34,11.70,12.53,99.89,16.93,1.08,0.92,54.21,12.39
2026-08-27T10:00:00+09:00,4.77,8.95,24.57,7.25,2.61,14.30,8.10,8.25,99.71,16.87,1.46,1.12,54.17,12.26
2026-08-27T10:05:00+09:00,4.48,8.40,21.66,6.08,2.59,13.65,7.98,7.10,99.82,15.71,1.62,1.28,53.53,11.47
2026-08-27T10:10:00+09:00,4.57,8.68,25.01,5.96,2.51,12.78,6.20,6.98,99.92,16.22,1.83,1.37,54.02,11.72
2026-08-27T10:15:00+09:00,4.50,7.76,28.69,6.15,2.64,12.85,6.11,6.42,99.91,16.90,2.01,1.43,54.33,12.10
2026-08-27T10:20:00+09:00,4.44,7.76,25.34,5.95,2.57,13.07,6.11,6.61,99.92,16.96,2.16,1.47,54.13,12.15
2026-08-27T10:25:00+09:00,4.56,7.96,24.59,5.91,2.31,10.83,5.40,4.93,99.91,16.91,2.28,1.54,54.33,12.07
2026-08-27T10:30:00+09:00,4.47,7.67,24.55,6.10,2.14,8.29,1.96,1.74,99.93,16.93,2.19,1.63,54.01,12.09
2026-08-27T10:35:00+09:00,4.31,7.64,23.68,5.89,1.81,5.82,1.75,1.76,99.85,16.40,2.23,1.61,54.19,12.09
2026-08-27T10:40:00+09:00,4.54,7.71,23.41,6.12,1.76,5.50,5.75,7.60,98.26,16.58,2.31,1.70,53.10,11.68
2026-08-27T10:45:00+09:00,4.39,7.75,23.59,5.94,1.64,5.13,6.17,7.94,98.20,16.59,2.36,1.70,53.24,11.94
2026-08-27T10:50:00+09:00,4.48,7.65,23.91,6.13,1.67,6.19,7.76,6.20,53.83,10.12,1.79,1.64,30.76,8.40
2026-08-27T10:55:00+09:00,4.64,7.88,33.17,5.98,3.42,7.47,2.79,6.31,98.33,17.11,2.32,1.60,52.95,12.29
2026-08-27T11:00:00+09:00,4.52,7.72,26.40,6.32,3.48,6.90,1.83,5.05,86.52,19.66,4.28,1.50,48.47,15.36
2026-08-27T11:05:00+09:00,4.93,8.26,28.66,6.40,3.53,9.38,2.64,4.36,80.13,20.26,5.60,1.40,45.71,16.23
2026-08-27T11:10:00+09:00,4.72,8.44,28.69,7.14,3.45,10.76,2.34,10.01,78.73,18.61,3.52,1.23,44.19,14.72
2026-08-27T11:15:00+09:00,4.99,8.89,32.95,6.26,3.49,9.37,3.13,12.15,72.84,16.09,2.68,1.12,41.15,13.00
2026-08-27T11:20:00+09:00,4.64,9.04,28.61,6.16,3.35,8.80,3.56,9.13,72.21,12.28,1.18,0.95,39.62,9.91
2026-08-27T11:25:00+09:00,4.88,8.52,35.48,5.90,3.66,8.49,6.17,5.53,59.25,10.98,1.03,0.82,33.22,8.62
2026-08-27T11:30:00+09:00,4.49,7.47,28.49,6.07,3.34,8.41,5.69,9.92,57.44,9.99,0.86,0.68,32.00,8.39
2026-08-27T11:35:00+09:00,4.54,7.02,28.53,5.72,3.33,7.85,6.88,6.47,29.49,5.43,0.59,0.53,17.92,5.62
2026-08-27T11:40:00+09:00,4.38,6.65,31.22,5.97,3.50,7.10,2.20,1.75,0.90,0.36,0.47,0.44,2.92,2.56
2026-08-27T11:45:00+09:00,4.62,8.22,15.08,5.76,3.04,26.14,24.59,7.59,52.05,11.08,0.74,0.66,30.60,8.51
2026-08-27T11:50:00+09:00,4.59,8.68,25.17,6.14,2.83,16.57,11.93,11.63,99.93,17.10,1.12,0.93,54.05,12.51
2026-08-27T11:55:00+09:00,4.45,7.47,20.98,5.97,2.15,7.63,5.13,4.41,38.22,5.87,1.33,1.08,22.00,6.00
2026-08-27T12:00:00+09:00,4.44,8.25,17.28,7.23,2.10,7.52,4.84,4.04,34.71,6.02,1.40,1.15,19.84,6.13
2026-08-27T12:05:00+09:00,4.55,7.56,18.81,5.86,2.08,7.44,4.38,4.35,34.78,5.87,1.52,1.22,19.82,5.70
2026-08-27T12:10:00+09:00,4.48,8.22,20.23,6.14,2.00,7.43,4.30,4.17,32.04,5.11,1.61,1.29,19.83,5.34
2026-08-27T12:15:00+09:00,4.38,7.52,21.53,6.06,1.99,7.87,3.63,3.95,34.97,6.13,1.71,1.31,19.83,5.74
2026-08-27T12:20:00+09:00,4.50,8.38,23.15,6.27,2.08,7.58,3.83,3.88,35.29,6.10,1.78,1.36,19.82,5.82
2026-08-27T12:25:00+09:00,4.42,7.71,24.42,6.14,2.00,6.95,3.84,3.70,34.95,5.39,2.03,1.38,19.83,5.37
2026-08-27T12:30:00+09:00,4.40,7.67,25.97,6.13,2.05,6.75,3.85,3.69,35.52,6.06,1.95,1.42,19.82,5.76
2026-08-27T12:35:00+09:00,4.47,7.83,25.50,5.96,2.09,7.05,4.03,3.73,35.13,5.66,2.09,1.40,19.82,7.38
2026-08-27T12:40:00+09:00,4.34,7.56,20.68,6.18,2.08,7.30,3.61,3.94,35.51,5.60,1.97,1.42,19.83,5.41
2026-08-27T12:45:00+09:00,4.33,7.86,21.16,5.98,2.07,7.18,3.51,4.11,34.69,5.93,2.06,1.43,19.82,5.76
2026-08-27T12:50:00+09:00,4.52,7.67,21.80,6.11,2.08,7.45,3.75,3.98,35.86,5.81,2.11,1.46,19.83,5.68
2026-08-27T12:55:00+09:00,4.43,7.62,22.25,6.06,1.96,7.00,3.71,4.07,35.51,5.99,2.13,1.47,19.83,5.74
2026-08-27T13:00:00+09:00,4.50,7.62,22.82,6.19,1.98,5.58,3.65,4.15,34.80,5.94,2.23,1.53,19.82,6.03
2026-08-27T13:05:00+09:00,4.30,7.76,23.00,6.00,1.81,5.36,3.40,4.13,35.00,5.90,2.27,1.56,19.82,5.70
2026-08-27T13:10:00+09:00,4.41,7.64,23.57,6.16,1.80,5.78,3.27,4.46,35.56,5.94,2.18,1.58,19.83,5.74
2026-08-27T13:15:00+09:00,4.49,7.87,23.45,5.97,1.75,5.48,3.08,4.76,35.34,5.85,2.00,1.50,19.84,5.61
2026-08-27T13:20:00+09:00,4.36,7.63,23.22,6.12,1.64,4.72,1.82,4.50,35.33,5.96,2.04,1.56,19.83,5.75
2026-08-27T13:25:00+09:00,4.42,7.58,23.29,5.99,1.63,4.44,1.71,4.52,35.01,5.87,2.03,1.60,19.85,5.66
2026-08-27T13:30:00+09:00,4.57,7.93,23.60,6.11,1.67,4.06,1.81,4.79,35.23,6.00,2.06,1.65,19.84,5.75
2026-08-27T13:35:00+09:00,4.38,7.84,23.64,5.91,1.59,4.34,1.72,5.00,35.41,5.68,2.03,1.56,19.85,5.72
2026-08-27T13:40:00+09:00,4.48,7.62,23.65,6.13,1.58,4.27,1.74,4.08,35.03,5.58,2.07,1.63,19.83,5.48
2026-08-27T13:45:00+09:00,4.62,7.74,23.90,5.92,1.63,4.09,1.81,3.94,35.16,5.90,2.14,1.66,19.84,5.66
2026-08-27T13:50:00+09:00,4.40,7.65,23.93,6.33,1.59,3.94,1.69,3.90,35.52,5.69,2.12,1.64,19.84,5.57
2026-08-27T13:55:00+09:00,4.44,7.66,23.96,5.83,1.56,3.84,1.70,4.32,35.38,5.97,2.04,1.65,19.85,5.67
2026-08-27T14:00:00+09:00,4.57,7.67,24.25,9.63,1.65,3.81,1.80,4.14,35.44,5.91,2.07,1.63,19.84,5.93
2026-08-27T14:05:00+09:00,4.39,7.62,24.48,6.05,1.60,5.04,1.72,7.08,30.39,5.48,1.77,1.61,17.75,5.39
2026-08-27T14:10:00+09:00,4.44,7.68,38.65,6.03,3.30,8.43,3.19,3.58,39.21,6.63,2.27,1.55,21.75,6.18
2026-08-27T14:15:00+09:00,4.56,7.60,30.86,7.74,3.43,8.28,3.22,3.19,35.08,5.93,2.15,1.43,19.83,5.71
2026-08-27T14:20:00+09:00,4.44,7.91,32.14,9.09,3.53,8.34,3.16,3.26,35.30,6.09,1.93,1.34,19.83,5.89
2026-08-27T14:25:00+09:00,4.64,8.32,31.68,9.09,3.51,8.21,3.65,4.41,35.49,5.02,1.63,1.17,19.84,5.26
2026-08-27T14:30:00+09:00,4.62,8.73,31.02,9.30,3.41,8.26,4.06,4.29,35.70,5.79,1.34,1.04,19.82,5.66
2026-08-27T14:35:00+09:00,4.63,8.22,32.03,9.03,3.50,8.43,4.64,4.89,34.93,5.47,1.17,0.90,19.84,5.53
2026-08-27T14:40:00+09:00,4.62,7.35,34.78,9.04,3.37,7.92,5.33,5.24,34.92,6.20,0.90,0.77,19.84,5.97
2026-08-27T14:45:00+09:00,4.50,8.72,31.08,6.79,3.42,7.95,6.15,6.57,33.89,6.48,0.72,0.62,19.66,6.17
2026-08-27T14:50:00+09:00,4.33,6.79,31.55,6.17,3.45,7.66,5.87,6.15,19.91,4.36,0.54,0.49,13.49,5.29
2026-08-27T14:55:00+09:00,4.48,6.71,30.43,5.87,3.49,6.47,1.87,1.75,0.46,0.32,0.47,0.43,2.83,2.42
2026-08-27T15:00:00+09:00,4.45,6.61,29.70,4.97,3.81,4.30,1.73,1.76,0.39,0.33,0.46,0.43,2.87,2.71
2026-08-27T15:05:00+09:00,7.35,9.00,25.64,4.50,3.75,3.70,2.09,2.19,0.36,0.32,0.46,0.43,2.75,2.47
2026-08-27T15:10:00+09:00,5.42,7.56,20.65,4.65,4.25,2.50,2.58,2.51,0.36,0.32,0.46,0.43,2.54,2.38
2026-08-27T15:15:00+09:00,4.83,7.06,21.37,4.51,3.59,1.98,1.96,1.99,0.38,0.32,0.46,0.43,2.78,2.44
2026-08-27T15:20:00+09:00,4.69,6.93,21.34,4.56,3.58,1.93,1.95,2.07,0.37,0.32,0.46,0.43,2.68,2.59
2026-08-27T15:25:00+09:00,4.92,6.78,21.36,4.48,3.60,1.90,2.04,1.99,0.37,0.32,0.46,0.43,2.74,2.43
2026-08-27T15:30:00+09:00,4.83,6.75,21.51,4.57,3.56,1.94,1.96,1.98,0.37,0.32,0.46,0.44,2.60,2.44
2026-08-27T15:35:00+09:00,4.87,6.85,21.45,4.47,3.60,1.92,1.96,2.13,0.38,0.32,0.46,0.44,2.74,2.42
2026-08-27T15:40:00+09:00,4.70,6.55,21.43,4.64,3.57,1.89,2.08,2.01,0.37,0.31,0.46,0.44,2.65,2.50
2026-08-27T15:45:00+09:00,4.69,6.58,21.33,4.45,3.55,1.99,1.93,2.02,0.37,0.32,0.46,0.43,2.76,2.45
2026-08-27T15:50:00+09:00,5.09,6.80,21.55,4.63,3.60,1.86,1.93,2.06,0.38,0.32,0.46,0.43,2.58,2.43
2026-08-27T15:55:00+09:00,4.95,6.69,21.38,4.51,3.55,1.93,2.07,1.98,0.37,0.32,0.46,0.43,2.77,2.45
2026-08-27T16:00:00+09:00,4.81,6.67,21.37,5.49,3.56,1.88,1.93,2.00,0.37,0.32,0.46,0.43,2.83,2.69
2026-08-27T16:05:00+09:00,5.00,6.83,21.37,4.44,3.60,1.90,2.04,2.11,0.37,0.32,0.46,0.44,2.76,2.50
2026-08-27T16:10:00+09:00,4.80,6.77,21.43,4.69,3.60,1.98,1.96,1.98,0.36,0.32,0.46,0.43,2.64,2.50
2026-08-27T16:15:00+09:00,4.74,6.56,21.47,4.45,3.55,1.96,1.97,2.12,0.36,0.33,0.46,0.43,2.76,2.48
2026-08-27T16:20:00+09:00,4.83,6.87,21.44,4.65,3.61,2.05,2.06,1.98,0.37,0.32,0.46,0.43,2.61,2.50
2026-08-27T16:25:00+09:00,4.71,6.49,21.38,4.41,3.55,2.09,1.95,1.97,0.36,0.32,0.46,0.43,2.76,2.43
2026-08-27T16:30:00+09:00,4.71,6.72,21.46,4.60,3.55,1.98,1.95,2.12,0.37,0.32,0.46,0.43,2.54,2.45
2026-08-27T16:35:00+09:00,4.83,6.68,21.37,4.39,3.60,1.93,2.08,2.00,0.38,0.33,0.46,0.43,2.76,2.46
2026-08-27T16:40:00+09:00,4.74,6.68,21.40,4.61,3.56,2.09,1.97,2.04,0.37,0.32,0.46,0.43,2.67,2.49
2026-08-27T16:45:00+09:00,4.74,6.78,21.52,4.38,3.57,2.01,1.94,2.09,0.38,0.32,0.46,0.43,2.78,2.45
2026-08-27T16:50:00+09:00,4.83,6.60,21.47,4.63,3.60,1.99,2.05,1.98,0.37,0.32,0.46,0.43,2.61,2.42
2026-08-27T16:55:00+09:00,4.68,6.61,21.45,4.40,3.56,2.02,1.92,1.96,0.36,0.32,0.46,0.43,2.72,2.48
2026-08-27T17:00:00+09:00,4.89,6.75,21.41,4.41,3.60,1.92,1.96,2.07,0.37,0.32,0.46,0.43,2.85,2.68
2026-08-27T17:05:00+09:00,4.75,6.79,21.37,4.66,3.56,1.88,2.05,1.96,0.37,0.31,0.46,0.43,2.78,2.45
2026-08-27T17:10:00+09:00,4.74,6.45,21.43,4.42,3.61,2.02,1.97,2.04,0.38,0.32,0.46,0.43,2.58,2.44
2026-08-27T17:15:00+09:00,4.92,6.75,21.40,4.61,3.60,1.87,2.05,2.13,0.37,0.31,0.45,0.43,2.78,2.45
2026-08-27T17:20:00+09:00,4.67,6.70,21.50,4.35,3.57,1.98,1.95,2.04,0.37,0.32,0.46,0.43,2.62,2.46
2026-08-27T17:25:00+09:00,4.65,6.56,21.42,4.90,3.57,1.87,1.95,1.98,0.37,0.32,0.46,0.44,2.76,2.42
2026-08-27T17:30:00+09:00,4.81,6.81,21.46,4.43,3.71,1.90,2.06,2.12,0.37,0.32,0.45,0.43,2.60,2.42
2026-08-27T17:35:00+09:00,4.70,6.63,21.46,4.90,3.57,1.98,1.95,2.02,0.36,0.32,0.45,0.43,2.72,2.40
2026-08-27T17:40:00+09:00,4.73,6.70,21.43,4.41,3.56,1.90,1.97,2.08,0.37,0.31,0.46,0.43,2.63,2.46
2026-08-27T17:45:00+09:00,4.89,6.58,21.43,4.69,3.60,1.92,2.05,2.02,0.37,0.31,0.46,0.43,2.78,2.40
2026-08-27T17:50:00+09:00,4.73,6.60,21.38,4.41,3.57,2.01,1.94,2.01,0.37,0.32,0.46,0.43,2.60,2.40
2026-08-27T17:55:00+09:00,4.76,6.61,21.43,4.73,3.57,1.89,1.92,2.10,0.37,0.32,0.46,0.43,2.73,2.41
2026-08-27T18:00:00+09:00,4.94,6.59,21.53,4.98,3.61,1.84,2.06,2.00,0.37,0.32,0.46,0.43,2.90,2.71
2026-08-27T18:05:00+09:00,4.67,6.59,21.48,4.70,3.55,1.96,1.94,1.98,0.37,0.31,0.46,0.43,2.77,2.44
2026-08-27T18:10:00+09:00,4.82,6.73,21.46,4.53,3.64,1.88,1.96,2.10,0.37,0.32,0.46,0.43,2.60,2.37